{"cameraMode":{"drawMode":0,"name":"Shaded","section":"Shading Mode"},"sceneLighting":true,"audioPlay":false,"sceneViewState":{"m_AlwaysRefresh":false,"showFog":true,"showSkybox":true,"showFlares":true,"showImageEffects":true,"showParticleSystems":true,"showVisualEffectGraphs":true,"m_FxEnabled":true},"in2DMode":false,"pivot":{"x":1.4802308082580567,"y":6.1726250648498539,"z":5.539453029632568},"rotation":{"x":-0.02040812000632286,"y":-0.9561530351638794,"z":0.2765837609767914,"w":-0.09838634729385376},"size":130.88800048828126,"orthographic":false}