{"cameraMode":{"drawMode":0,"name":"Shaded","section":"Shading Mode"},"sceneLighting":true,"audioPlay":false,"sceneViewState":{"m_AlwaysRefresh":false,"showFog":true,"showSkybox":true,"showFlares":true,"showImageEffects":true,"showParticleSystems":true,"showVisualEffectGraphs":true,"m_FxEnabled":true},"in2DMode":false,"pivot":{"x":-51.759883880615237,"y":0.9051820635795593,"z":10.498879432678223},"rotation":{"x":0.13958796858787538,"y":0.5577486753463745,"z":-0.10331037640571594,"w":0.8126064538955689},"size":72.2497787475586,"orthographic":false}