{"cameraMode":{"drawMode":0,"name":"Shaded","section":"Shading Mode"},"sceneLighting":false,"audioPlay":false,"sceneViewState":{"m_AlwaysRefresh":false,"showFog":true,"showSkybox":false,"showFlares":true,"showImageEffects":true,"showParticleSystems":true,"showVisualEffectGraphs":true,"m_FxEnabled":true},"in2DMode":false,"pivot":{"x":-0.06858181953430176,"y":1.5607582330703736,"z":4.195750713348389},"rotation":{"x":-0.06768331676721573,"y":0.7880205512046814,"z":-0.08807827532291413,"w":-0.6055469512939453},"size":1.0307763814926148,"orthographic":false}